Sample,Response,RT,participant,session,gender,date,expName,
3.pn,,,01,001,female,"November 09, 2018",Hysterisis,
1.pn,,,01,001,female,"November 09, 2018",Hysterisis,
5.pn,,,01,001,female,"November 09, 2018",Hysterisis,
3.pn,,,01,001,female,"November 09, 2018",Hysterisis,
0.pn,,,01,001,female,"November 09, 2018",Hysterisis,
8.pn,,,01,001,female,"November 09, 2018",Hysterisis,
0.pn,,,01,001,female,"November 09, 2018",Hysterisis,
4.pn,,,01,001,female,"November 09, 2018",Hysterisis,
3.pn,,,01,001,female,"November 09, 2018",Hysterisis,
7.pn,,,01,001,female,"November 09, 2018",Hysterisis,
7.pn,,,01,001,female,"November 09, 2018",Hysterisis,
2.pn,,,01,001,female,"November 09, 2018",Hysterisis,
7.pn,,,01,001,female,"November 09, 2018",Hysterisis,
0.pn,,,01,001,female,"November 09, 2018",Hysterisis,
4.pn,,,01,001,female,"November 09, 2018",Hysterisis,
